Lect. #,Day,First Reading: Year II,Responsorial Psalm,Alleluia,Gospel: Years I & II,2022
305,Week 1 - Mon,1 Sam 1:1-8,"Ps 116:12-13, 14-17, 18-19",Mark 1:15,Mark 1:14-22,10-Jan-22
306,Week 1 - Tues,1 Sam 1:9-22,"1 Sam 2:1, 4-5, 6-7, 8abcd",See 1 Thess 2:13,Mark 1:21-28,11-Jan-22
307,Week 1 - Wed,"1 Sam 3:1-10, 19-22","Ps 40:2+5, 7-8a, 8b-9, 10",John 10:27,Mark 1:29-39,12-Jan-22
308,Week 1 - Thurs,1 Sam 4:1-11,"Ps 44:10-11, 14-15, 24-25",See Matt 4:23,Mark 1:40-45,13-Jan-22
309,Week 1 - Fri,"1 Sam 8:4-7, 10-22a","Ps 89:16-17, 18-19",Luke 7:16,Mark 2:1-12,14-Jan-22
310,Week 1 - Sat,"1 Sam 9:1-4, 17-19; 10:1","Ps 21:2-3, 4-5, 6-7",Luke 4:18,Mark 2:13-17,15-Jan-22
311,Week 2 - Mon,1 Sam 15:16-23,"Ps 50:8-9, 16bc-17, 21+23",Heb 4:12,Mark 2:18-22,17-Jan-22
312,Week 2 - Tues,1 Sam 16:1-13,"Ps 89:20, 21-22, 27-28",See Eph 1:17-18,Mark 2:23-28,18-Jan-22
313,Week 2 - Wed,"1 Sam 17:32-33, 37, 40-51","Ps 144:1b, 2, 9-10",See Matt 4:23,Mark 3:1-6,19-Jan-22
314,Week 2 - Thurs,1 Sam 18:6-9; 19:1-7,"Ps 56:2-3, 9-10a, 10b-11, 12-13",See 2 Tim 1:10,Mark 3:7-12,20-Jan-22
315,Week 2 - Fri,1 Sam 24:3-21,"Ps 57:2, 3-4, 6+11",2 Cor 5:19,Mark 3:13-19,21-Jan-22
316,Week 2 - Sat,"2 Sam 1:1-4, 11-12, 19, 23-27","Ps 80:2-3, 5-7",See Acts 16:14b,Mark 3:20-21,22-Jan-22
317,Week 3 - Mon,"2 Sam 5:1-7, 10","Ps 89:20, 21-22, 25-26",See 2 Tim 1:10,Mark 3:22-30,24-Jan-22
318,Week 3 - Tues,"2 Sam 6:12b-15, 17-19","Ps 24:7, 8, 9, 10",See Matt 11:25,Mark 3:31-35,[25: Conversion of St. Paul]
319,Week 3 - Wed,2 Sam 7:4-17,"Ps 89:4-5, 27-28, 29-30",[no ref.],Mark 4:1-22,[26: Sts. Timothy & Titus]
320,Week 3 - Thurs,"2 Sam 7:18-19, 24-29","Ps 132:1-2, 3-5, 11, 12, 13-14",Ps 119:105,Mark 4:21-25,27-Jan-22
321,Week 3 - Fri,"2 Sam 11:1-4a, 5-10a, 13-17","Ps 51:3-4, 5-6a, 6bcd-7, 10-11",See Matt 11:25,Mark 4:26-34,28-Jan-22
322,Week 3 - Sat,"2 Sam 12:1-7a, 10-17","Ps 51:12-13, 14-15, 16-17",John 3:16,Mark 4:35-41,29-Jan-22
323,Week 4 - Mon,"2 Sam 15:13-14, 30; 16:5-13","Ps 3:2-3, 4-5, 6-7",Luke 7:16,Mark 5:1-22,31-Jan-22
324,Week 4 - Tues,"2 Sam 18:9-10, 14b, 24-25a, 30—19:3","Ps 86:1-2, 3-4, 5-6",Matt 8:17,Mark 5:21-43,1-Feb-22
325,Week 4 - Wed,"2 Sam 24:2, 9-17","Ps 32:1-2, 5, 6, 7",John 10:27,Mark 6:1-6,[2: Presentation of the Lord]
326,Week 4 - Thurs,"1 Kgs 2:1-4, 10-12","1 Chr 29:10bcd, 11ab, 11d-12a, 12bcd",Mark 1:15,Mark 6:7-13,3-Feb-22
327,Week 4 - Fri,Sir 47:2-11,"Ps 18:31, 47+50, 51",See Luke 8:15,Mark 6:14-29,4-Feb-22
328,Week 4 - Sat,1 Kgs 3:4-13,"Ps 119:9, 10, 11, 12, 13, 14",John 10:27,Mark 6:30-34,5-Feb-22
329,Week 5 - Mon,"1 Kgs 8:1-7, 9-13","Ps 132:6-7, 8-10",See Matt 4:23,Mark 6:53-56,7-Feb-22
330,Week 5 - Tues,"1 Kgs 8:22-23, 27-30","Ps 84:3, 4, 5+10, 11","Ps 119:36, 29b",Mark 7:1-13,8-Feb-22
331,Week 5 - Wed,1 Kgs 10:1-10,"Ps 37:5-6, 30-31, 39-40","See John 17:17b, 17a",Mark 7:14-23,9-Feb-22
332,Week 5 - Thurs,1 Kgs 11:4-13,"Ps 106:3-4, 35-36, 37+40",James 1:21bc,Mark 7:24-30,10-Feb-22
333,Week 5 - Fri,1 Kgs 11:29-32; 12:19,"Ps 81:10-11ab, 12-13, 14-15",See Acts 16:14b,Mark 7:31-37,11-Feb-22
334,Week 5 - Sat,1 Kgs 12:26-32; 13:33-34,"Ps 106:6-7ab, 19-22, 21-22",Matt 4:4b,Mark 8:1-10,12-Feb-22
335,Week 6 - Mon,Jas 1:1-11,"Ps 119:67, 68, 71, 72, 75, 76",John 14:6,Mark 8:11-13,14-Feb-22
336,Week 6 - Tues,Jas 1:12-18,"Ps 94:12-13a, 14-15, 18-19",John 14:23,Mark 8:14-21,15-Feb-22
337,Week 6 - Wed,Jas 1:19-27,"Ps 15:2-3a, 3bc-4ab, 5",See Eph 1:17-18,Mark 8:22-26,16-Feb-22
338,Week 6 - Thurs,Jas 2:1-9,"Ps 34:2-3, 4-5, 6-7","See John 6:63c, 68c",Mark 8:27-33,17-Feb-22
339,Week 6 - Fri,"Jas 2:14-24, 26","Ps 112:1-2, 3-4, 5-6",John 15:15b,Mark 8:34—9:1,18-Feb-22
340,Week 6 - Sat,Jas 3:1-10,"Ps 12:2-3, 4-5, 7-8",See Mark 9:6,Mark 9:2-13,19-Feb-22
341,Week 7 - Mon,Jas 3:13-18,"Ps 19:8, 9, 10, 15",See 2 Tim 1:10,Mark 9:14-29,21-Feb-22
342,Week 7 - Tues,Jas 4:1-10,"Ps 55:7-8, 9-10a, 10b-11a, 23",Gal 6:14,Mark 9:30-37,[22: Chair of St. Peter]
343,Week 7 - Wed,Jas 4:13-17,"Ps 49:2-3, 6-7, 8-10, 11",John 14:6,Mark 9:38-40,23-Feb-22
344,Week 7 - Thurs,Jas 5:1-6,"Ps 49:14-15ab, 15cd-16, 17-18, 19-22",See 1 Thess 2:13,Mark 9:41-50,24-Feb-22
345,Week 7 - Fri,Jas 5:9-12,"Ps 103:1-2, 3-4, 8-9, 11-12","See John 17:17b, 17a",Mark 10:1-12,25-Feb-22
346,Week 7 - Sat,Jas 5:13-22,"Ps 141:1-2, 3+8",See Matt 11:25,Mark 10:13-16,26-Feb-22
347,Week 8 - Mon,1 Pet 1:3-9,"Ps 111:1-2, 5-6, 9,+10c",2 Cor 8:9,Mark 10:17-27,28-Feb-22
348,Week 8 - Tues,1 Pet 1:10-16,"Ps 98:1, 2-3ab, 3cd-4",See Matt 11:25,Mark 10:28-31,1-March-22
349,Week 8 - Wed,1 Pet 1:18-25,"Ps 147:12-13, 14-15, 19-22",Mark 10:45,Mark 10:32-45,[2: Ash Wednesday]
350,Week 8 - Thurs,"1 Pet 2:2-5, 9-12","Ps 100:2, 3, 4, 5",John 8:12,Mark 10:46-52,[LENT in '22]
351,Week 8 - Fri,1 Pet 4:7-13,"Ps 96:10, 11-12, 13",See John 15:16,Mark 11:11-26,[LENT in '22]
352,Week 8 - Sat,"Jude 17, 20b-25","Ps 63:2, 3-4, 5-6","See Col 3:16a, 17c",Mark 11:27-33,[LENT in '22]
353,Week 9 - Mon,2 Pet 1:2-7,"Ps 91:1-2, 14-15ab, 15c-16",See Rev 1:5ab,Mark 12:1-12,[omit in '22]
354,Week 9 - Tues,"2 Pet 3:12-15a, 17-18","Ps 90:2, 3-4, 10, 14+16",See Eph 1:17-18,Mark 12:13-17,[omit in '22]
355,Week 9 - Wed,"2 Tim 1:1-3, 6-12","Ps 123:1b-2ab, 2cdef","John 11:25a, 26",Mark 12:18-27,[omit in '22]
356,Week 9 - Thurs,2 Tim 2:8-15,"Ps 25:4-5ab, 8-9, 10+14",See 2 Tim 1:10,Mark 12:28b-34,[omit in '22]
357,Week 9 - Fri,2 Tim 3:10-17,"Ps 119:157, 160, 161, 165, 166, 168",John 14:23,Mark 12:35-37,[omit in '22]
358,Week 9 - Sat,2 Tim 4:1-8,"Ps 71:8-9, 14-15ab, 16-17, 22",Matt 5:3,Mark 12:38-44,[omit in '22]
Lect. #,Day,First Reading: Year II,Responsorial Psalm,Alleluia,Gospel: Years I & II,2022
359,Week 10 - Mon,1 Kgs 17:1-6,"Ps 121:1bc-2, 3-4, 5-6, 7-8",Matt 5:12a,Matt 5:1-12,[6: BVM Mother of the Church]
360,Week 10 - Tues,1 Kgs 17:7-16,"Ps 4:2-3, 4-5, 7b-8",Matt 5:16,Matt 5:13-16,7-June-22
361,Week 10 - Wed,1 Kgs 18:20-39,"Ps 16:1-2ab, 4, 5ab+8, 11","Ps 25:4b, 5a",Matt 5:17-19,8-June-22
362,Week 10 - Thurs,1 Kgs 18:41-46,"Ps 65:10, 11, 12-13",John 13:34,Matt 5:20-26,9-June-22
363,Week 10 - Fri,"1 Kgs 19:9a, 11-16","Ps 27:7-8a, 8b-9abc, 13-14","Phil 2:15d, 16a",Matt 5:27-32,10-June-22
364,Week 10 - Sat,1 Kgs 19:19-21,"Ps 16:1b-2a+5, 7-8, 9-10","Ps 119:36a, 29b",Matt 5:33-37,[11: St. Barnabas]
365,Week 11 - Mon,1 Kgs 21:1-16,"Ps 5:2-3ab, 4b-6a, 6b-7",Ps 119:105,Matt 5:38-42,13-June-22
366,Week 11 - Tues,1 Kgs 21:17-29,"Ps 51:3-4, 5-6ab, 11+16",John 13:34,Matt 5:43-48,14-June-22
367,Week 11 - Wed,"2 Kgs 2:1, 6-14","Ps 31:20, 21, 24",John 14:23,"Matt 6:1-6, 16-18",15-June-22
368,Week 11 - Thurs,Sir 48:1-14,"Ps 97:1-2, 3-4, 5-6, 7",Rom 8:15bc,Matt 6:7-15,16-June-22
369,Week 11 - Fri,"2 Kgs 11:1-4, 9-18, 20","Ps 132:11, 12, 13-14, 17-18",Matt 5:3,Matt 6:19-23,17-June-22
370,Week 11 - Sat,2 Chr 24:17-25,"Ps 89:4-5, 29-30, 31-32, 33-34",2 Cor 8:9,Matt 6:24-34,18-June-22
371,Week 12 - Mon,"2 Kgs 17:5-8, 13-15a, 18","Ps 60:3, 4-5, 12-13",Heb 4:12,Matt 7:1-5,20-June-22
372,Week 12 - Tues,"2 Kgs 19:9b-11, 14-21, 31-35a, 36","Ps 48:2-3ab, 3cd-4, 10-11",John 8:12,"Matt 7:6, 12-14",21-June-22
373,Week 12 - Wed,2 Kgs 22:8-13; 23:1-3,"Ps 119:33, 34, 35, 36, 37, 40","John 15:4a, 5b",Matt 7:15-22,22-June-22
374,Week 12 - Thurs,2 Kgs 24:8-17,"Ps 79:1b-2, 3-5, 8, 9",John 14:23,Matt 7:21-29,[23: Nativity St. John Baptist*]
375,Week 12 - Fri,2 Kgs 25:1-12,"Ps 137:1-2, 3, 4-5, 6",Matt 8:17,Matt 8:1-4,[24: Sacred Heart of Jesus]
376,Week 12 - Sat,"Lam 2:2, 10-14, 18-19","Ps 74:1b-2, 3-5, 6-7, 20-21",Matt 8:17,Matt 8:5-17,[25: Immaculate Heart of BVM]
377,Week 13 - Mon,"Amos 2:6-10, 13-16","Ps 50:16bc-17, 18-19, 20-21, 22-23",Ps 95:8,Matt 8:18-22,27-June-22
378,Week 13 - Tues,Amos 3:1-8; 4:11-12,"Ps 5:4b-6a, 6b-7, 8",Ps 130:5,Matt 8:23-27,28-June-22
379,Week 13 - Wed,"Amos 5:14-15, 21-24","Ps 50:7, 8-9, 10-11, 12-13, 16bc-17",James 1:18,Matt 8:28-34,[29: Sts. Peter & Paul]
380,Week 13 - Thurs,Amos 7:10-17,"Ps 19:8, 9, 10, 11",2 Cor 5:19,Matt 9:1-8,30-June-22
381,Week 13 - Fri,"Amos 8:4-6, 9-12","Ps 119:2, 10, 20, 30, 40, 131",Matt 11:28,Matt 9:9-13,1-July-22
382,Week 13 - Sat,Amos 9:11-15,"Ps 85:9ab+10, 11-12, 13-14",John 10:27,Matt 9:14-17,2-July-22
383,Week 14 - Mon,"Hos 2:16, 17c-18, 21-22","Ps 145:2-3, 4-5, 6-7, 8-9",See 2 Tim 1:10,Matt 9:18-26,4-July-22
384,Week 14 - Tues,"Hos 8:4-7, 11-13","Ps 115:3-4, 5-6, 7ab+8, 9-10",John 10:14,Matt 9:32-38,5-July-22
385,Week 14 - Wed,"Hos 10:1-3, 7-8, 12","Ps 105:2-3, 4-5, 6-7",Mark 1:15,Matt 10:1-7,6-July-22
386,Week 14 - Thurs,"Hos 11:1-4, 8e-9","Ps 80:2ac+3b, 15-16",Mark 1:15,Matt 10:7-15,7-July-22
387,Week 14 - Fri,Hos 14:2-10,"Ps 51:3-4, 8-9, 12-13, 14+17",John 16:13a; 14:26d,Matt 10:16-23,8-July-22
388,Week 14 - Sat,Isa 6:1-8,"Ps 93:1ab, 1cd-2, 5",1 Pet 4:14,Matt 10:24-33,9-July-22
389,Week 15 - Mon,Isa 1:10-17,"Ps 50:8-9, 16bc-17, 21+23",Matt 5:10,Matt 10:34—11:1,11-July-22
390,Week 15 - Tues,Isa 7:1-9,"Ps 48:2-3a, 3b-4, 5-6, 7-8",Ps 95:8,Matt 11:20-24,12-July-22
391,Week 15 - Wed,"Isa 10:5-7, 13b-16","Ps 94:5-6, 7-8, 9-10, 14-15",See Matt 11:25,Matt 11:25-27,13-July-22
392,Week 15 - Thurs,"Isa 26:7-9, 12, 16-19","Ps 102:13-14ab+15, 16-18, 19-21",Matt 11:28,Matt 11:28-30,14-July-22
393,Week 15 - Fri,"Isa 38:1-6, 21-22, 7-8","Isa 38:10, 11, 12abcd, 16",John 10:27,Matt 12:1-8,15-July-22
394,Week 15 - Sat,Mic 2:1-5,"Ps 10:1-2, 3-4, 7-8, 14",2 Cor 5:19,Matt 12:14-21,16-July-22
395,Week 16 - Mon,"Mic 6:1-4, 6-8","Ps 50:5-6, 8-9, 16bc-17, 21+23",Ps 95:8,Matt 12:38-42,18-July-22
396,Week 16 - Tues,"Mic 7:14-15, 18-22","Ps 85:2-4, 5-6, 7-8",John 14:23,Matt 12:46-50,19-July-22
397,Week 16 - Wed,"Jer 1:1, 4-10","Ps 71:1-2, 3-4a, 5-6ab, 15+17",[no ref.],Matt 13:1-9,20-July-22
398,Week 16 - Thurs,"Jer 2:1-3, 7-8, 12-13","Ps 36:6-7ab, 8-9, 10-11",See Matt 11:25,Matt 13:10-17,21-July-22
399,Week 16 - Fri,Jer 3:14-17,"Jer 31:10, 11-12abcd, 13",See Luke 8:15,Matt 13:18-23,[22: St. Mary Magdalene]
400,Week 16 - Sat,Jer 7:1-11,"Ps 84:3, 4, 5-6a+8a, 11",James 1:21bc,Matt 13:24-30,23-July-22
401,Week 17 - Mon,Jer 13:1-11,"Deut 32:18-19, 20, 21",James 1:18,Matt 13:31-35,[25: St. James]
402,Week 17 - Tues,Jer 14:17-22,"Ps 79:8, 9, 11+13",[no ref.],Matt 13:36-43,[26: Sts. Joachim & Anne]
403,Week 17 - Wed,"Jer 15:10, 16-21","Ps 59:2-3, 4, 10-11, 17, 18",John 15:15b,Matt 13:44-46,27-July-22
404,Week 17 - Thurs,Jer 18:1-6,"Ps 146:1b-2, 3-4, 5-6ab",See Acts 16:14b,Matt 13:47-53,28-July-22
405,Week 17 - Fri,Jer 26:1-9,"Ps 69:5, 8-10, 14",1 Pet 1:25,Matt 13:54-58,"[29: Sts. Martha, Mary & Lazarus]"
406,Week 17 - Sat,"Jer 26:11-16, 24","Ps 69:15-16, 30-31, 33-34",Matt 5:10,Matt 14:1-12,30-July-22
407,Week 18 - Mon,Jer 28:1-17,"Ps 119:29, 43, 79, 80, 95, 102",Matt 4:4,"Matt 14:13-21 or,
 in Year A, Matt 14:22-36",1-Aug-22
408,Week 18 - Tues,"Jer 30:1-2, 12-15, 18-22","Ps 102:16-18, 19-21, 29+22-23",John 1:49b,"Matt 14:22-36 or, 
 in Year A, Matt 15:1-2, 10-14",2-Aug-22
409,Week 18 - Wed,Jer 31:1-7,"Jer 31:10, 11-12ab, 13",Luke 7:16,Matt 15:21-28,3-Aug-22
410,Week 18 - Thurs,Jer 31:31-34,"Ps 51:12-13, 14-15, 18-19",Matt 16:18,Matt 16:13-23,4-Aug-22
411,Week 18 - Fri,"Nah 2:1, 3; 3:1-3, 6-7","Deut 32:35cd-36ab, 39abcd, 41",Matt 5:10,Matt 16:24-28,5-Aug-22
412,Week 18 - Sat,Hab 1:12—2:4,"Ps 9:8-9, 10-11, 12-13",See 2 Tim 1:10,Matt 17:14-22,[6: Transfiguration of the Lord]
413,Week 19 - Mon,"Ezek 1:2-5, 24-28c","Ps 148:1-2, 11-12, 13, 14",See 2 Thess 2:14,Matt 17:22-27,8-Aug-22
414,Week 19 - Tues,Ezek 2:8—3:4,"Ps 119:14, 24, 72, 103, 111, 131",Matt 11:29ab,"Matt 18:1-5, 10, 12-14",9-Aug-22
415,Week 19 - Wed,Ezek 9:1-7; 10:18-22,"Ps 113:1-2, 3-4, 5-6",2 Cor 5:19,Matt 18:15-22,[10: St. Lawrence]
416,Week 19 - Thurs,Ezek 12:1-12,"Ps 78:56-57, 58-59, 61-62",Ps 119:135,Matt 18:21—19:1,11-Aug-22
417,Week 19 - Fri,"Ezek 16:1-15, 60, 63 or 16:59-63","Isa 12:2-3, 4bcd, 5-6",See 1 Thess 2:13,Matt 19:3-12,12-Aug-22
418,Week 19 - Sat,"Ezek 18:1-10, 13b, 30-32","Ps 51:12-13, 14-15, 18-19",See Matt 11:25,Matt 19:13-15,13-Aug-22
419,Week 20 - Mon,Ezek 24:15-23,"Deut 32:18-19, 20, 21",Matt 5:3,Matt 19:16-22,[15: Assumption of BVM]
420,Week 20 - Tues,Ezek 28:1-10,"Deut 32:26-27ab, 27cd-28, 30, 35cd-36ab",2 Cor 8:9,Matt 19:23-30,16-Aug-22
421,Week 20 - Wed,Ezek 34:1-11,"Ps 23:1-3a, 3b-4, 5, 6",Heb 4:12,Matt 20:1-16,17-Aug-22
422,Week 20 - Thurs,Ezek 36:23-28,"Ps 51:12-13, 14-15, 18-19",Ps 95:8,Matt 22:1-14,18-Aug-22
423,Week 20 - Fri,Ezek 37:1-14,"Ps 107:2-3, 4-5, 6-7, 8-9","Ps 25:4b, 5a",Matt 22:34-40,19-Aug-22
424,Week 20 - Sat,Ezek 43:1-7ab,"Ps 85:9ab+10, 11-12, 13-14","Matt 23:9b, 10b",Matt 23:1-12,20-Aug-22
425,Week 21 - Mon,"2 Thess 1:1-5, 11-12","Ps 96:1-2a, 2b-3, 4-5",John 10:27,Matt 23:13-22,22-Aug-22
426,Week 21 - Tues,"2 Thess 2:1-3a, 14-17","Ps 96:10, 11-12, 13",Heb 4:12,Matt 23:23-26,23-Aug-22
427,Week 21 - Wed,"2 Thess 3:6-10, 16-18","Ps 128:1-2, 4-5",1 John 2:5,Matt 23:27-32,[24: St. Bartholomew]
428,Week 21 - Thurs,1 Cor 1:1-9,"Ps 145:2-3, 4-5, 6-7","Matt 24:42a, 44",Matt 24:42-51,25-Aug-22
429,Week 21 - Fri,1 Cor 1:17-25,"Ps 33:1-2, 4-5, 10-11",Luke 21:36,Matt 25:1-13,26-Aug-22
430,Week 21 - Sat,1 Cor 1:26-31,"Ps 33:12-13, 18-19, 20-21",John 13:34,Matt 25:14-30,27-Aug-22
Lect. #,Day,First Reading: Year II,Responsorial Psalm,Alleluia,Gospel: Years I & II,2022
431,Week 22 - Mon,1 Cor 2:1-5,"Ps 119:97, 98, 99, 100, 101, 102",See Luke 4:18,Luke 4:16-30,[29: Passion of St. John Baptist]
432,Week 22 - Tues,1 Cor 2:10b-16,"Ps 145:8-9, 10-11, 12-13ab, 13cd-14",Luke 7:16,Luke 4:31-37,30-Aug-22
433,Week 22 - Wed,1 Cor 3:1-9,"Ps 33:12-13, 14-15, 20-21",Luke 4:18,Luke 4:38-44,31-Aug-22
434,Week 22 - Thurs,1 Cor 3:18-23,"Ps 24:1bc-2, 3-4ab, 5-6",Matt 4:19,Luke 5:1-11,1-Sept-22
435,Week 22 - Fri,1 Cor 4:1-5,"Ps 37:3-4, 5-6, 27-28, 39-40",John 8:12,Luke 5:33-39,2-Sept-22
436,Week 22 - Sat,1 Cor 4:6b-15,"Ps 145:17-18, 19-22, 21",John 14:6,Luke 6:1-5,3-Sept-22
437,Week 23 - Mon,1 Cor 5:1-8,"Ps 5:5-6, 7, 12",John 10:27,Luke 6:6-11,5-Sept-22
438,Week 23 - Tues,1 Cor 6:1-11,"Ps 149:1b-2, 3-4, 5-6a+9b",See John 15:16,Luke 6:12-19,6-Sept-22
439,Week 23 - Wed,1 Cor 7:25-31,"Ps 45:11-12, 14-15, 16-17",Luke 6:23ab,Luke 6:20-26,7-Sept-22
440,Week 23 - Thurs,"1 Cor 8:1b-7, 11-13","Ps 139:1b-3, 13-14ab, 23-24",1 John 4:12,Luke 6:27-38,[8: Nativity of BVM]
441,Week 23 - Fri,"1 Cor 9:16-19, 22b-27","Ps 84:3, 4, 5-6, 12","See John 17:17b, 17a",Luke 6:39-42,9-Sept-22
442,Week 23 - Sat,1 Cor 10:14-22,"Ps 116:12-13, 17-18",John 14:23,Luke 6:43-49,10-Sept-22
443,Week 24 - Mon,"1 Cor 11:17-26, 33","Ps 40:7-8a, 8b-9, 10, 17",John 3:16,Luke 7:1-10,12-Sept-22
444,Week 24 - Tues,"1 Cor 12:12-14, 27-31a","Ps 100:1b-2, 3, 4, 5",Luke 7:16,Luke 7:11-17,13-Sept-22
445,Week 24 - Wed,1 Cor 12:31—13:13,"Ps 33:2-3, 4-5, 12+22","See John 6:63c, 68c",Luke 7:31-35,[14: Exaltation of Holy Cross]
446,Week 24 - Thurs,1 Cor 15:1-11,"Ps 118:1b-2, 16ab+17, 28",Matt 11:28,Luke 7:36-50,[15: Our Lady of Sorrows]
447,Week 24 - Fri,1 Cor 15:12-22,"Ps 17:1bcd, 6-7, 8b+15",See Matt 11:25,Luke 8:1-3,16-Sept-22
448,Week 24 - Sat,"1 Cor 15:35-37, 42-49","Ps 56:10c-12, 13-14",See Luke 8:15,Luke 8:4-15,17-Sept-22
449,Week 25 - Mon,Prov 3:27-34,"Ps 15:2-3a, 3bc-4ab, 5",Matt 5:16,Luke 8:16-18,19-Sept-22
450,Week 25 - Tues,"Prov 21:1-6, 10-13","Ps 119:1, 27, 30, 34, 35, 44",Luke 11:28,Luke 8:19-21,20-Sept-22
451,Week 25 - Wed,Prov 30:5-9,"Ps 119:29, 72, 89, 101, 104, 163",Mark 1:15,Luke 9:1-6,[21: St. Matthew]
452,Week 25 - Thurs,Eccl/Qoh 1:2-11,"Ps 90:3-4, 5-6, 12-13, 14+17bc",John 14:6,Luke 9:7-9,22-Sept-22
453,Week 25 - Fri,Eccl/Qoh 3:1-11,"Ps 144:1b+2abc, 3-4",Mark 10:45,Luke 9:18-22,23-Sept-22
454,Week 25 - Sat,Eccl/Qoh 11:9—12:8,"Ps 90:3-4, 5-6, 12-13, 14+17",See 2 Tim 1:10,Luke 9:43b-45,24-Sept-22
455,Week 26 - Mon,Job 1:6-22,"Ps 17:1bcd, 2-3, 6-7",Mark 10:45,Luke 9:46-50,26-Sept-22
456,Week 26 - Tues,"Job 3:1-3, 11-17, 20-23","Ps 88:2-3, 4-5, 6, 7-8",Mark 10:45,Luke 9:51-56,27-Sept-22
457,Week 26 - Wed,"Job 9:1-12, 14-16","Ps 88:10bc-11, 12-13, 14-15",Phil 3:8-9,Luke 9:57-62,28-Sept-22
458,Week 26 - Thurs,Job 19:21-27,"Ps 27:7-8a, 8b-9abc, 13-14",Mark 1:15,Luke 10:1-12,[29: Archangels]
459,Week 26 - Fri,"Job 38:1, 12-21; 40:3-5","Ps 139:1-3, 7-8, 9-10, 13-14ab",Ps 95:8,Luke 10:13-16,30-Sept-22
460,Week 26 - Sat,"Job 42:1-3, 5-6, 12-17","Ps 119:66, 71, 75, 91, 125, 130",See Matt 11:25,Luke 10:17-24,1-Oct-22
461,Week 27 - Mon,Gal 1:6-12,"Ps 111:1b-2, 7-8, 9+10c",John 13:34,Luke 10:25-37,3-Oct-22
462,Week 27 - Tues,Gal 1:13-24,"Ps 139:1b-3, 13-14ab, 14c-15",Luke 11:28,Luke 10:38-42,4-Oct-22
463,Week 27 - Wed,"Gal 2:1-2, 7-14","Ps 117:1bc, 2",Rom 8:15bc,Luke 11:1-4,5-Oct-22
464,Week 27 - Thurs,Gal 3:1-5,"Luke 1:69-70, 71-72, 73-75",See Acts 16:14b,Luke 11:5-13,6-Oct-22
465,Week 27 - Fri,Gal 3:7-14,"Ps 111:1b-2, 3-4, 5-6",John 12:31b-32,Luke 11:15-26,7-Oct-22
466,Week 27 - Sat,Gal 3:22-29,"Ps 105:2-3, 4-5, 6-7",Luke 11:28,Luke 11:27-28,8-Oct-22
467,Week 28 - Mon,"Gal 4:22-24, 26-27, 31—5:1","Ps 113:1b-2, 3-4, 5a+6-7",Ps 95:8,Luke 11:29-32,10-Oct-22
468,Week 28 - Tues,Gal 5:1-6,"Ps 119:41, 43, 44, 45, 47, 48",Heb 4:12,Luke 11:37-41,11-Oct-22
469,Week 28 - Wed,Gal 5:18-25,"Ps 1:1-2, 3, 4+6",John 10:27,Luke 11:42-46,12-Oct-22
470,Week 28 - Thurs,Eph 1:1-10,"Ps 98:1, 2-3ab, 3cd-4, 5-6",John 14:6,Luke 11:47-54,13-Oct-22
471,Week 28 - Fri,Eph 1:11-14,"Ps 33:1-2, 4-5, 12-13",Ps 33:22,Luke 12:1-7,14-Oct-22
472,Week 28 - Sat,Eph 1:15-23,"Ps 8:2-3ab, 4-5, 6-7","John 15:26b, 27a",Luke 12:8-12,15-Oct-22
473,Week 29 - Mon,Eph 2:1-10,"Ps 100:1b-2, 3, 4ab, 4c-5",Matt 5:3,Luke 12:13-21,17-Oct-22
474,Week 29 - Tues,Eph 2:12-22,"Ps 85:9ab+10, 11-12, 13-14",Luke 21:36,Luke 12:35-38,[18: St. Luke]
475,Week 29 - Wed,Eph 3:2-12,"Isa 12:2-3, 4bcd, 5-6","Matt 24:42a, 44",Luke 12:39-48,19-Oct-22
476,Week 29 - Thurs,Eph 3:14-21,"Ps 33:1-2, 4-5, 11-12, 18-19",Phil 3:8-9,Luke 12:49-53,20-Oct-22
477,Week 29 - Fri,Eph 4:1-6,"Ps 24:1-2, 3-4ab, 5-6",See Matt 11:25,Luke 12:54-59,21-Oct-22
478,Week 29 - Sat,Eph 4:7-16,"Ps 122:1-2, 3-4ab, 4cd-5",Ezek 33:11,Luke 13:1-9,22-Oct-22
479,Week 30 - Mon,Eph 4:32—5:8,"Ps 1:1-2, 3, 4+6","John 17:17b, 17a",Luke 13:10-17,24-Oct-22
480,Week 30 - Tues,Eph 5:21-33,"Ps 128:1-2, 3, 4-5",See Matt 11:25,Luke 13:18-21,25-Oct-22
481,Week 30 - Wed,Eph 6:1-9,"Ps 145:10-11, 12-13ab, 13cd-14",See 2 Thess 2:14,Luke 13:22-30,26-Oct-22
482,Week 30 - Thurs,Eph 6:10-22,"Ps 144:1b, 2, 9-10",See Luke 19:38; 2:14,Luke 13:31-35,27-Oct-22
483,Week 30 - Fri,Phil 1:1-11,"Ps 111:1-2, 3-4, 5-6",John 10:27,Luke 14:1-6,[28: Sts. Simon & Jude]
484,Week 30 - Sat,Phil 1:18b-26,"Ps 42:2, 3, 5cdef",Matt 11:29ab,"Luke 14:1, 7-11",29-Oct-22
485,Week 31 - Mon,Phil 2:1-4,"Ps 131:1bcde, 2, 3",John 8:31b-32,Luke 14:12-14,31-Oct-22
486,Week 31 - Tues,Phil 2:5-11,"Ps 22:26b-27, 28-30ab, 30e, 31-32",Matt 11:28,Luke 14:15-24,[1: All Saints]
487,Week 31 - Wed,Phil 2:12-18,"Ps 27:1, 4, 13-14",1 Pet 4:14,Luke 14:25-33,[2: All Souls]
488,Week 31 - Thurs,Phil 3:3-8a,"Ps 105:2-3, 4-5, 6-7",Matt 11:28,Luke 15:1-10,3-Nov-22
489,Week 31 - Fri,Phil 3:17—4:1,"Ps 122:1-2, 3-4ab, 4cd-5",1 John 2:5,Luke 16:1-8,4-Nov-22
490,Week 31 - Sat,Phil 4:10-19,"Ps 112:1b-2, 5-6, 8a+9",2 Cor 8:9,Luke 16:9-15,5-Nov-22
491,Week 32 - Mon,Titus 1:1-9,"Ps 24:1b-2, 3-4ab, 5-6","Phil 2:15d, 16a",Luke 17:1-6,7-Nov-22
492,Week 32 - Tues,"Titus 2:1-8, 11-14","Ps 37:3-4, 18+23, 27+29",John 14:23,Luke 17:7-10,8-Nov-22
493,Week 32 - Wed,Titus 3:1-7,"Ps 23:1b-3a, 3bc-4, 5, 6",1 Thess 5:18,Luke 17:11-19,[9: Dedication of Lateran Basilica]
494,Week 32 - Thurs,Phlm 7-22,"Ps 146:7, 8-9a, 9bc-10",John 15:5,Luke 17:20-25,10-Nov-22
495,Week 32 - Fri,2 John 4-9,"Ps 119:1, 2, 10, 11, 17, 18",Luke 21:28,Luke 17:26-37,11-Nov-22
496,Week 32 - Sat,3 John 5-8,"Ps 112:1-2, 3-4, 5-6",See 2 Thess 2:14,Luke 18:1-8,12-Nov-22
497,Week 33 - Mon,Rev 1:1-4; 2:1-5,"Ps 1:1-2, 3, 4+6",John 8:12,Luke 18:35-43,14-Nov-22
498,Week 33 - Tues,"Rev 3:1-6, 14-22","Ps 15:2-3a, 3bc-4ab, 5",1 John 4:10b,Luke 19:1-10,15-Nov-22
499,Week 33 - Wed,Rev 4:1-11,"Ps 150:1b-2, 3-4, 5-6",See John 15:16,Luke 19:11-28,16-Nov-22
500,Week 33 - Thurs,Rev 5:1-10,"Ps 149:1b-2, 3-4, 5-6a+9b",Ps 95:8,Luke 19:41-44,17-Nov-22
501,Week 33 - Fri,Rev 10:8-11,"Ps 119:14, 24, 72, 103, 111, 131",John 10:27,Luke 19:45-48,[18: Basilicas of Peter & Paul]
502,Week 33 - Sat,Rev 11:4-12,"Ps 144:1, 2, 9-10",See 2 Tim 1:10,Luke 20:27-40,19-Nov-22
503,Week 34 - Mon,"Rev 14:1-3, 4b-5","Ps 24:1bc-2, 3-4ab, 5-6","Matt 24:42a, 44",Luke 21:1-4,21-Nov-22
504,Week 34 - Tues,Rev 14:14-19,"Ps 96:10, 11-12, 13",Rev 2:10c,Luke 21:5-11,22-Nov-22
505,Week 34 - Wed,Rev 15:1-4,"Ps 98:1, 2-3ab, 7-8, 9",Rev 2:10c,Luke 21:12-19,23-Nov-22
506,Week 34 - Thurs,"Rev 18:1-2, 21-23; 19:1-3, 9a","Ps 100:1b-2, 3, 4, 5",Luke 21:28,Luke 21:20-28,[24: Thanksgiving Day - USA]
507,Week 34 - Fri,"Rev 20:1-4, 11—21:2","Ps 84:3, 4, 5-6a+8a",Luke 21:28,Luke 21:29-33,25-Nov-22
508,Week 34 - Sat,Rev 22:1-7,"Ps 95:1-2, 3-5, 6-7ab",Luke 21:36,Luke 21:34-36,26-Nov-22
Lect. #,Day,First Reading: Year II,Responsorial Psalm,Alleluia,Gospel: Years I & II,2022
